date,code,name,rec_date,trend,ret_1d,ret_3d,ret_5d,ret_15d
2026-05-24,300750,宁德时代,2026-05-22,,-11.44,-11.44,-11.44,-11.44
2026-05-24,002594,比亚迪,2026-05-22,,0.96,0.96,0.96,0.96
2026-05-24,002459,晶澳科技,2026-05-22,,15.03,15.03,15.03,15.03
2026-05-24,603667,五洲新春,2026-05-22,,-38.75,-38.75,-38.75,-38.75
2026-05-24,300892,品渥食品,2026-05-22,,29.04,29.04,29.04,29.04
2026-05-24,002836,新宏泽,2026-05-22,,32.89,32.89,32.89,32.89
2026-05-24,300503,昊志机电,2026-05-22,,-58.18,-58.18,-58.18,-58.18
2026-05-24,002230,科大讯飞,2026-05-22,,4.04,4.04,4.04,4.04
2026-05-24,300496,中科创达,2026-05-22,,-7.46,-7.46,-7.46,-7.46
2026-05-24,002415,海康威视,2026-05-22,,-10.04,-10.04,-10.04,-10.04
2026-05-24,600703,三安光电,2026-05-22,,-17.21,-17.21,-17.21,-17.21
2026-05-24,002049,紫光国微,2026-05-22,,-2.91,-2.91,-2.91,-2.91
2026-05-24,600584,长电科技,2026-05-22,,-44.38,-44.38,-44.38,-44.38
2026-05-24,300308,中际旭创,2026-05-22,,-44.1,-44.1,-44.1,-44.1
2026-05-24,300502,新易盛,2026-05-22,,-25.7,-25.7,-25.7,-25.7
2026-05-24,300223,北京君正,2026-05-22,,-29.53,-29.53,-29.53,-29.53
2026-05-24,300604,长川科技,2026-05-22,,-61.72,-61.72,-61.72,-61.72
2026-05-24,603906,龙蟠科技,2026-05-22,,-32.83,-32.83,-32.83,-32.83
2026-05-24,605566,福莱蒽特,2026-05-22,,-19.37,-19.37,-19.37,-19.37
2026-05-24,603090,宏盛股份,2026-05-22,,-27.43,-27.43,-27.43,-27.43
2026-05-24,603311,金海高科,2026-05-22,,-59.95,-59.95,-59.95,-59.95
2026-05-24,603075,热威股份,2026-05-22,,-15.34,-15.34,-15.34,-15.34
2026-05-25,300750,宁德时代,2026-05-22,震荡,-9.52,-9.52,-9.52,-9.52
2026-05-25,002594,比亚迪,2026-05-22,震荡,0.96,2.58,0.96,0.96
2026-05-25,002459,晶澳科技,2026-05-22,震荡,15.03,-0.63,15.03,15.03
2026-05-25,603667,五洲新春,2026-05-22,震荡,-38.75,5.04,-38.75,-38.75
2026-05-25,300892,品渥食品,2026-05-22,震荡,28.29,28.29,28.29,28.29
2026-05-25,002836,新宏泽,2026-05-22,震荡,32.89,-0.5,32.89,32.89
2026-05-25,300503,昊志机电,2026-05-22,震荡,-59.64,-59.64,-59.64,-59.64
2026-05-25,002230,科大讯飞,2026-05-22,震荡,4.04,1.37,4.04,4.04
2026-05-25,300496,中科创达,2026-05-22,震荡,-10.44,-10.44,-10.44,-10.44
2026-05-25,002415,海康威视,2026-05-22,震荡,-10.04,1.76,-10.04,-10.04
2026-05-25,600703,三安光电,2026-05-22,震荡,-17.21,0.0,-17.21,-17.21
2026-05-25,002049,紫光国微,2026-05-22,震荡,-2.91,5.3,-2.91,-2.91
2026-05-25,600584,长电科技,2026-05-22,震荡,-44.38,11.02,-44.38,-44.38
2026-05-25,300308,中际旭创,2026-05-22,震荡,-44.97,-44.97,-44.97,-44.97
2026-05-25,300502,新易盛,2026-05-22,震荡,-29.87,-29.87,-29.87,-29.87
2026-05-25,300223,北京君正,2026-05-22,震荡,-32.21,-32.21,-32.21,-32.21
2026-05-25,300604,长川科技,2026-05-22,震荡,-62.51,-62.51,-62.51,-62.51
2026-05-25,603906,龙蟠科技,2026-05-22,震荡,-32.83,-4.89,-32.83,-32.83
2026-05-25,605566,福莱蒽特,2026-05-22,震荡,-19.37,3.09,-19.37,-19.37
2026-05-25,603090,宏盛股份,2026-05-22,震荡,-27.43,-3.41,-27.43,-27.43
2026-05-25,603311,金海高科,2026-05-22,震荡,-59.95,-5.6,-59.95,-59.95
2026-05-25,603075,热威股份,2026-05-22,震荡,-15.34,1.55,-15.34,-15.34
2026-05-25,603678,火炬电子,2026-05-25,震荡,-19.97,-19.97,-19.97,-19.97
2026-05-25,300750,宁德时代,2026-05-22,震荡,-9.04,-2.01,-9.04,-9.04
2026-05-25,002594,比亚迪,2026-05-22,震荡,0.96,2.58,0.96,0.96
2026-05-25,002459,晶澳科技,2026-05-22,震荡,15.03,-0.63,15.03,15.03
2026-05-25,603667,五洲新春,2026-05-22,震荡,-38.75,5.04,-38.75,-38.75
2026-05-25,300892,品渥食品,2026-05-22,震荡,34.89,-1.32,34.89,34.89
2026-05-25,002836,新宏泽,2026-05-22,震荡,32.89,-0.5,32.89,32.89
2026-05-25,300503,昊志机电,2026-05-22,震荡,-59.78,-1.39,-59.78,-59.78
2026-05-25,002230,科大讯飞,2026-05-22,震荡,4.04,1.37,4.04,4.04
2026-05-25,300496,中科创达,2026-05-22,震荡,-8.01,0.29,-8.01,-8.01
2026-05-25,002415,海康威视,2026-05-22,震荡,-10.04,1.76,-10.04,-10.04
2026-05-25,600703,三安光电,2026-05-22,震荡,-17.21,0.0,-17.21,-17.21
2026-05-25,002049,紫光国微,2026-05-22,震荡,-2.91,5.3,-2.91,-2.91
2026-05-25,600584,长电科技,2026-05-22,震荡,-44.38,11.02,-44.38,-44.38
2026-05-25,300308,中际旭创,2026-05-22,震荡,-44.92,5.3,-44.92,-44.92
2026-05-25,300502,新易盛,2026-05-22,震荡,-28.42,8.61,-28.42,-28.42
2026-05-25,300223,北京君正,2026-05-22,震荡,-34.86,2.54,-34.86,-34.86
2026-05-25,300604,长川科技,2026-05-22,震荡,-63.03,5.08,-63.03,-63.03
2026-05-25,603906,龙蟠科技,2026-05-22,震荡,-32.83,-4.89,-32.83,-32.83
2026-05-25,605566,福莱蒽特,2026-05-22,震荡,-19.37,3.09,-19.37,-19.37
2026-05-25,603090,宏盛股份,2026-05-22,震荡,-27.43,-3.41,-27.43,-27.43
2026-05-25,603311,金海高科,2026-05-22,震荡,-59.95,-5.6,-59.95,-59.95
2026-05-25,603075,热威股份,2026-05-22,震荡,-15.34,1.55,-15.34,-15.34
2026-05-25,603678,火炬电子,2026-05-25,震荡,-19.97,-19.97,-19.97,-19.97
2026-05-26,002594,比亚迪,2026-05-22,震荡,1.21,2.58,1.21,1.21
2026-05-26,002459,晶澳科技,2026-05-22,震荡,15.45,-0.63,15.45,15.45
2026-05-26,603667,五洲新春,2026-05-22,震荡,-38.32,5.04,-38.32,-38.32
2026-05-26,002836,新宏泽,2026-05-22,震荡,34.14,-0.5,34.14,34.14
2026-05-26,002230,科大讯飞,2026-05-22,震荡,4.04,1.37,4.04,4.04
2026-05-26,002415,海康威视,2026-05-22,震荡,-9.43,1.76,-9.43,-9.43
2026-05-26,600703,三安光电,2026-05-22,震荡,-16.89,0.0,-16.89,-16.89
2026-05-26,002049,紫光国微,2026-05-22,震荡,-2.86,5.3,-2.86,-2.86
2026-05-26,600584,长电科技,2026-05-22,震荡,-44.11,11.02,-44.11,-44.11
2026-05-26,603906,龙蟠科技,2026-05-22,震荡,-33.55,-4.89,-33.55,-33.55
2026-05-26,605566,福莱蒽特,2026-05-22,震荡,-19.19,3.09,-19.19,-19.19
2026-05-26,603090,宏盛股份,2026-05-22,震荡,-24.85,-3.41,-24.85,-24.85
2026-05-26,603311,金海高科,2026-05-22,震荡,-60.95,-5.6,-60.95,-60.95
2026-05-26,603075,热威股份,2026-05-22,震荡,-14.03,1.55,-14.03,-14.03
2026-05-26,603678,火炬电子,2026-05-25,震荡,-0.64,-19.69,-19.69,-19.69
2026-05-26,603919,金徽酒,2026-05-26,震荡,-6.24,-6.24,-6.24,-6.24
2026-05-26,605111,新洁能,2026-05-26,震荡,-44.5,-44.5,-44.5,-44.5
2026-05-26,603303,得邦照明,2026-05-26,震荡,-46.48,-46.48,-46.48,-46.48
2026-05-26,002594,比亚迪,2026-05-22,震荡,1.21,2.58,1.21,1.21
2026-05-26,002459,晶澳科技,2026-05-22,震荡,15.45,-0.63,15.45,15.45
2026-05-26,603667,五洲新春,2026-05-22,震荡,-38.32,5.04,-38.32,-38.32
2026-05-26,002836,新宏泽,2026-05-22,震荡,34.14,-0.5,34.14,34.14
2026-05-26,002230,科大讯飞,2026-05-22,震荡,4.04,1.37,4.04,4.04
2026-05-26,002415,海康威视,2026-05-22,震荡,-9.43,1.76,-9.43,-9.43
2026-05-26,600703,三安光电,2026-05-22,震荡,-16.89,0.0,-16.89,-16.89
2026-05-26,002049,紫光国微,2026-05-22,震荡,-2.86,5.3,-2.86,-2.86
2026-05-26,600584,长电科技,2026-05-22,震荡,-44.11,11.02,-44.11,-44.11
2026-05-26,603906,龙蟠科技,2026-05-22,震荡,-33.55,-4.89,-33.55,-33.55
2026-05-26,605566,福莱蒽特,2026-05-22,震荡,-19.19,3.09,-19.19,-19.19
2026-05-26,603090,宏盛股份,2026-05-22,震荡,-24.85,-3.41,-24.85,-24.85
2026-05-26,603311,金海高科,2026-05-22,震荡,-60.95,-5.6,-60.95,-60.95
2026-05-26,603075,热威股份,2026-05-22,震荡,-14.03,1.55,-14.03,-14.03
2026-05-26,603678,火炬电子,2026-05-25,震荡,-0.64,-19.69,-19.69,-19.69
2026-05-26,603919,金徽酒,2026-05-26,震荡,-6.24,-6.24,-6.24,-6.24
2026-05-26,605111,新洁能,2026-05-26,震荡,-44.5,-44.5,-44.5,-44.5
2026-05-26,603303,得邦照明,2026-05-26,震荡,-46.48,-46.48,-46.48,-46.48
